﻿<?xml version="1.0" encoding="UTF-8"?><questestinterop xmlns:d2l_2p0="http://desire2learn.com/xsd/d2lcp_v2p0"><assessment d2l_2p0:id="7" title="Eric's Test Quiz of Worthiness!" ident="res_quiz_405486"><rubric><flow_mat><material><mattext d2l_2p0:isdisplayed="no" texttype="text/html" /></material></flow_mat></rubric><assessmentcontrol hintswitch="no" solutionswitch="no" feedbackswitch="no" /><presentation_material><flow_mat><material label="page header"><mattext d2l_2p0:isdisplayed="no" texttype="text/html" /></material><material label="page footer"><mattext d2l_2p0:isdisplayed="no" texttype="text/html" /></material></flow_mat></presentation_material><assess_procextension><d2l_2p0:intro_message d2l_2p0:isdisplayed="no" texttype="text/html" /><category ident="74098" d2l_2p0:sortorder="1">The Trials of Supreme Worthiness!</category><d2l_2p0:disable_right_click>no</d2l_2p0:disable_right_click><d2l_2p0:disable_pager_access>no</d2l_2p0:disable_pager_access><is_active>yes</is_active><d2l_2p0:date_start /><d2l_2p0:date_end /><d2l_2p0:has_schedule_event>no</d2l_2p0:has_schedule_event><d2l_2p0:is_attempt_Rldb>no</d2l_2p0:is_attempt_Rldb><d2l_2p0:is_subview_Rldb>no</d2l_2p0:is_subview_Rldb><d2l_2p0:time_limit>1</d2l_2p0:time_limit><d2l_2p0:show_clock>no</d2l_2p0:show_clock><d2l_2p0:enforce_time_limit>no</d2l_2p0:enforce_time_limit><d2l_2p0:grace_period>1</d2l_2p0:grace_period><d2l_2p0:late_limit>2</d2l_2p0:late_limit><d2l_2p0:late_limit_data>1</d2l_2p0:late_limit_data><d2l_2p0:attempts_allowed>0</d2l_2p0:attempts_allowed><d2l_2p0:attempt_restrictions /><d2l_2p0:mark_calculation_type>2</d2l_2p0:mark_calculation_type><d2l_2p0:is_forward_only>no</d2l_2p0:is_forward_only></assess_procextension><assessfeedback><rubric><flow_mat><material><mattext texttype="no">Your quiz has been submitted successfully.</mattext></material></flow_mat></rubric><d2l_2p0:duration>0</d2l_2p0:duration><d2l_2p0:response_display_type_id>1</d2l_2p0:response_display_type_id><d2l_2p0:show_correct_answers>no</d2l_2p0:show_correct_answers><d2l_2p0:submission_restrictip>no</d2l_2p0:submission_restrictip><d2l_2p0:show_class_average>no</d2l_2p0:show_class_average><d2l_2p0:show_score_distribution>no</d2l_2p0:show_score_distribution></assessfeedback><section ident="CONTAINER_SECTION"><item ident="OBJ_7847250" label="QUES_1463445_1644505" d2l_2p0:page="1" title="This question is supremley awesome and can totaly singlehandedly deem your worthiness in this course?"><itemmetadata><qtimetadata><qti_metadatafield><fieldlabel>qmd_computerscored</fieldlabel><fieldentry>yes</fieldentry></qti_metadatafield><qti_metadatafield><fieldlabel>qmd_questiontype</fieldlabel><fieldentry>True/False</fieldentry></qti_metadatafield><qti_metadatafield><fieldlabel>qmd_weighting</fieldlabel><fieldentry>1.000000000</fieldentry></qti_metadatafield><qti_metadatafield><fieldlabel>qmd_globalid</fieldlabel><fieldentry>45f29838-5f4f-4a41-a62a-b9a8a914ea5d</fieldentry></qti_metadatafield><qti_metadatafield><fieldlabel>qmd_displayid</fieldlabel><fieldentry>Campus.Reference.Sandbox Courses - Template-8476</fieldentry></qti_metadatafield></qtimetadata></itemmetadata><itemproc_extension><d2l_2p0:difficulty>5</d2l_2p0:difficulty><d2l_2p0:isbonus>no</d2l_2p0:isbonus><d2l_2p0:ismandatory>no</d2l_2p0:ismandatory></itemproc_extension><presentation><flow><material><mattext texttype="text/html">&lt;p&gt;This question is supremley awesome and can totaly singlehandedly deem your worthiness in this course?&lt;/p&gt;
&lt;p&gt;Read this about Trump btw.&lt;/p&gt;
&lt;p&gt;&lt;a href="http://www.nytimes.com/2016/11/09/us/politics/donald-trump-won-now-what.html?action=click&amp;amp;pgtype=Homepage&amp;amp;clickSource=story-heading&amp;amp;module=span-abc-region&amp;amp;region=span-abc-region&amp;amp;WT.nav=span-abc-region" target="_blank"&gt;Awesome Trump Article&lt;/a&gt;&lt;/p&gt;
&lt;p&gt;&lt;a href="http://www.nytimes.com/2016/11/09/us/poltics/donald-tnow-what.html?action=click&amp;amp;pgtype=Homepage&amp;amp;clickSource=story-heading&amp;amp;module=span-ac-region&amp;amp;region=span-abc-region&amp;amp;WT.nav=span-abc-regio" target="_blank"&gt;Fake Awesome Trump Article&lt;/a&gt;&lt;/p&gt;
&lt;p&gt;&lt;/p&gt;
&lt;p&gt;&lt;a href="/d2l/common/dialogs/quickLink/quickLink.d2l?ou={orgUnitId}&amp;amp;type=coursefile&amp;amp;fileId=Course+Files%2fWhatevs+this+is+still+awesome.html" target="_self"&gt;Whatevs this is still awesome.html&lt;/a&gt;&lt;/p&gt;
&lt;p&gt;&lt;/p&gt;</mattext></material><response_extension><d2l_2p0:display_style>2</d2l_2p0:display_style><d2l_2p0:enumeration>6</d2l_2p0:enumeration><d2l_2p0:grading_type>0</d2l_2p0:grading_type></response_extension><response_lid ident="QUES_1463445_1644505_LID" rcardinality="Single"><render_choice shuffle="no"><flow_label class="Block"><response_label ident="QUES_1463445_1644505_A5487572"><flow_mat><material><mattext texttype="text/plain">True</mattext></material></flow_mat></response_label></flow_label><flow_label class="Block"><response_label ident="QUES_1463445_1644505_A5487573"><flow_mat><material><mattext texttype="text/plain">False</mattext></material></flow_mat></response_label></flow_label></render_choice></response_lid></flow></presentation><hint><hintmaterial><flow_mat><material><mattext texttype="text/html">&lt;p&gt;This may or may not be a QUESTION OF GREAT IMPORTANCE FOR YOUR FUTURE IN THIS COURSE.&lt;/p&gt;</mattext></material></flow_mat></hintmaterial></hint><resprocessing><respcondition title="Response Condition 1"><conditionvar><varequal respident="QUES_1463445_1644505_LID">QUES_1463445_1644505_A5487572</varequal></conditionvar><setvar action="Set">0.000000000</setvar><displayfeedback feedbacktype="Response" linkrefid="QUES_1463445_1644505_IF5487572" /></respcondition><respcondition title="Response Condition 2"><conditionvar><varequal respident="QUES_1463445_1644505_LID">QUES_1463445_1644505_A5487573</varequal></conditionvar><setvar action="Set">100.000000000</setvar><displayfeedback feedbacktype="Response" linkrefid="QUES_1463445_1644505_IF5487573" /></respcondition></resprocessing><itemfeedback ident="QUES_1463445_1644505_IF5487572"><material><mattext texttype="text/html">&lt;p&gt;False, you have failed greatly on this question. Therefore you have been deemed unworthy!&amp;nbsp;&lt;/p&gt;</mattext></material></itemfeedback><itemfeedback ident="QUES_1463445_1644505_IF5487573"><material><mattext texttype="text/html">&lt;p&gt;False, only Eric can determine your &lt;span&gt;worthiness&lt;/span&gt; in this course. However, if you managed to answer this question correctly, you may possibly be slightly considered to be somewhat of a candidate of &lt;span&gt;worthiness!&lt;/span&gt;&lt;/p&gt;</mattext></material></itemfeedback></item><item ident="OBJ_8238167" label="QUES_1466303_1653672" d2l_2p0:page="1" title="The Name Game"><itemmetadata><qtimetadata><qti_metadatafield><fieldlabel>qmd_computerscored</fieldlabel><fieldentry>yes</fieldentry></qti_metadatafield><qti_metadatafield><fieldlabel>qmd_questiontype</fieldlabel><fieldentry>Short Answer</fieldentry></qti_metadatafield><qti_metadatafield><fieldlabel>qmd_weighting</fieldlabel><fieldentry>1.000000000</fieldentry></qti_metadatafield><qti_metadatafield><fieldlabel>qmd_globalid</fieldlabel><fieldentry>fd7b968e-6f65-454f-856e-60a5f9985ba2</fieldentry></qti_metadatafield><qti_metadatafield><fieldlabel>qmd_displayid</fieldlabel><fieldentry>Campus.Reference.Sandbox Courses - Template-8518</fieldentry></qti_metadatafield></qtimetadata></itemmetadata><itemproc_extension><d2l_2p0:difficulty>1</d2l_2p0:difficulty><d2l_2p0:isbonus>no</d2l_2p0:isbonus><d2l_2p0:ismandatory>no</d2l_2p0:ismandatory></itemproc_extension><presentation><flow><material><mattext texttype="text/html">&lt;p&gt;What is my name?&lt;/p&gt;
&lt;p&gt;&lt;strong&gt;Hint:&lt;/strong&gt; &lt;img src="http://s2.quickmeme.com/img/48/4862f4470077b76a24a7db571d4569c84a10149677298d6c305a6928f7c06afe.jpg" /&gt;&lt;/p&gt;</mattext></material><response_str ident="QUES_1466303_1653672_A5524207_STR" rcardinality="Single"><render_fib rows="3" columns="60" prompt="Box" fibtype="String"><response_label ident="QUES_1466303_1653672_A5524207_ANS" /></render_fib></response_str></flow></presentation><hint><hintmaterial><flow_mat><material><mattext texttype="text/html">&lt;p&gt;Look at the photo.&lt;/p&gt;</mattext></material></flow_mat></hintmaterial></hint><resprocessing><outcomes><decvar vartype="Integer" minvalue="0" maxvalue="100" varname="Blank_1" /></outcomes><respcondition><conditionvar><varequal respident="QUES_1466303_1653672_A5524207_ANS" case="no">Eric</varequal></conditionvar><setvar action="Set">100.000000000</setvar></respcondition><respcondition><conditionvar><varequal respident="QUES_1466303_1653672_A5524207_ANS" case="no">Rick</varequal></conditionvar><setvar action="Set">20.000000000</setvar></respcondition></resprocessing></item></section></assessment></questestinterop>