﻿<dropbox><category name="Practice" sort_order="1" id="10"><folder name="Assignment Simulation" id="11" folder_type="2" sort_order="1" out_of="5.000000000" folder_is_retricted="false" files_per_submission="0" submissions="2" resource_code="byui_produ-156132,byui_produ-156339,byui_produ-34920,byui_produ-67875,byui_produ-67918,byui_produ-71217,byui_produ-71369,byui_produ-93041,D2L_Academ-48274"><instructions text_type="text/html"><text>&lt;p&gt;&lt;span style="font-size: 10pt;"&gt;&lt;span style="font-size: 10pt;"&gt;&lt;strong&gt;If you found yourself stranded on a desert island and could only have three items magically provided to you, what would they be and why?&lt;/strong&gt;&lt;/span&gt;&lt;/span&gt;&lt;/p&gt;
&lt;p&gt;&lt;span style="font-size: 10pt;"&gt;1. Open a MS Word document on your desk-top and answer the above question. &lt;/span&gt;&lt;/p&gt;
&lt;p&gt;&lt;span style="font-size: 10pt;"&gt;2. Save the MS Word document to your desktop.&lt;/span&gt;&lt;/p&gt;
&lt;p&gt;&lt;span style="font-size: 10pt;"&gt;3. Upload the saved document to the assignment&amp;nbsp;(feel free to add additional written comments in the HTML editor or add an audio component)&lt;br /&gt;&lt;/span&gt;&lt;/p&gt;
&lt;p&gt;&lt;span style="font-size: 10pt;"&gt;4. When you have submitted&amp;nbsp;the assignment please move to the next phase of your simulation in the content tool.&lt;/span&gt;&lt;/p&gt;
&lt;p&gt;&lt;span style="font-size: 10pt;"&gt;5. Please return to the tour&amp;nbsp;by clicking&amp;nbsp;Content in the blue&amp;nbsp;navigation bar above.&lt;/span&gt;&lt;/p&gt;</text></instructions></folder></category></dropbox>